Question_ID,Answer_ID,Task
8138,3,Phi-2
8153,5,Phi-2
8156,3,Phi-2
8160,3,Phi-2
8165,1,Phi-2
8168,5,Phi-2
8186,4,Phi-2
8200,1,Phi-2
8202,2,Phi-2
8210,2,Phi-2
8211,1,Phi-2
8213,5,Phi-2
8216,1,Phi-2
8223,4,Phi-2
8230,3,Phi-2
8231,4,Phi-2
8243,3,Phi-2
8261,1,Phi-2
8263,1,Phi-2
8266,1,Phi-2
8269,1,Phi-2
8272,2,Phi-2
8285,4,Phi-2
8289,2,Phi-2
8293,3,Phi-2
8301,3,Phi-2
8307,4,Phi-2
8310,4,Phi-2
8311,3,Phi-2
8314,4,Phi-2
8318,2,Phi-2
8319,4,Phi-2
8335,4,Phi-2
8342,1,Phi-2
8347,2,Phi-2
8350,5,Phi-2
8354,2,Phi-2
8359,2,Phi-2
8360,3,Phi-2
8361,1,Phi-2
8362,5,Phi-2
8363,3,Phi-2
8364,3,Phi-2
8369,2,Phi-2
8371,3,Phi-2
8381,2,Phi-2
8389,4,Phi-2
8396,3,Phi-2
8401,3,Phi-2
8403,3,Phi-2
8405,1,Phi-2
8411,3,Phi-2
8417,1,Phi-2
8426,5,Phi-2
8429,4,Phi-2
8434,4,Phi-2
8437,2,Phi-2
8445,4,Phi-2
8455,2,Phi-2
8456,1,Phi-2
8460,1,Phi-2
8462,1,Phi-2
8476,5,Phi-2
8485,5,Phi-2
8493,4,Phi-2
8499,2,Phi-2
8503,3,Phi-2
8508,4,Phi-2
8523,3,Phi-2
8525,3,Phi-2
8531,1,Phi-2
8538,3,Phi-2
8541,1,Phi-2
8546,1,Phi-2
8552,4,Phi-2
8568,3,Phi-2
8570,3,Phi-2
8576,4,Phi-2
8578,2,Phi-2
8579,5,Phi-2
8598,2,Phi-2
8600,2,Phi-2
8601,3,Phi-2
8611,3,Phi-2
8614,1,Phi-2
8617,4,Phi-2
8620,5,Phi-2
8627,1,Phi-2
8635,4,Phi-2
8636,2,Phi-2
8638,1,Phi-2
8639,5,Phi-2
8641,3,Phi-2
8650,3,Phi-2
8654,4,Phi-2
8655,5,Phi-2
8657,3,Phi-2
8662,1,Phi-2
8663,2,Phi-2
8665,3,Phi-2
8672,3,Phi-2
8677,4,Phi-2
8683,3,Phi-2
8690,4,Phi-2
8693,4,Phi-2
8694,2,Phi-2
8696,3,Phi-2
8703,1,Phi-2
8716,5,Phi-2
8721,5,Phi-2
8723,3,Phi-2
8735,4,Phi-2
8742,3,Phi-2
8755,5,Phi-2
8762,4,Phi-2
8768,3,Phi-2
8770,1,Phi-2
8774,4,Phi-2
8779,4,Phi-2
8795,2,Phi-2
8798,3,Phi-2
8801,4,Phi-2
8806,2,Phi-2
8808,1,Phi-2
8814,5,Phi-2
8833,5,Phi-2
8854,5,Phi-2
8860,4,Phi-2
8862,2,Phi-2
8863,4,Phi-2
8868,5,Phi-2
8874,5,Phi-2
8875,5,Phi-2
8877,1,Phi-2
8882,2,Phi-2
8885,3,Phi-2
8886,5,Phi-2
8901,2,Phi-2
8912,5,Phi-2
8915,5,Phi-2
8942,1,Phi-2
8946,2,Phi-2
8947,2,Phi-2
8948,1,Phi-2
8950,3,Phi-2
8955,1,Phi-2
8957,1,Phi-2
8961,2,Phi-2
8962,5,Phi-2
8964,4,Phi-2
8965,4,Phi-2
8971,2,Phi-2
8972,3,Phi-2
8981,5,Phi-2
8987,5,Phi-2
9001,1,Phi-2
9010,1,Phi-2
9013,5,Phi-2
9014,3,Phi-2
9022,1,Phi-2
9023,4,Phi-2
9025,5,Phi-2
9028,3,Phi-2
9030,2,Phi-2
9043,1,Phi-2
9046,4,Phi-2
9048,1,Phi-2
9050,2,Phi-2
9052,5,Phi-2
9061,3,Phi-2
9073,3,Phi-2
9074,1,Phi-2
9077,2,Phi-2
9091,5,Phi-2
9095,1,Phi-2
9099,3,Phi-2
9101,4,Phi-2
9102,3,Phi-2
9112,5,Phi-2
9118,5,Phi-2
9124,3,Phi-2
9126,1,Phi-2
9129,1,Phi-2
9139,1,Phi-2
9145,3,Phi-2
9146,4,Phi-2
9167,4,Phi-2
9168,4,Phi-2
9174,4,Phi-2
9180,1,Phi-2
9187,1,Phi-2
9191,4,Phi-2
9204,4,Phi-2
9208,4,Phi-2
9213,4,Phi-2
9214,3,Phi-2
9219,2,Phi-2
9224,3,Phi-2
9225,3,Phi-2
9231,4,Phi-2
9237,4,Phi-2
9242,3,Phi-2
9243,2,Phi-2
9244,3,Phi-2
9246,5,Phi-2
9256,5,Phi-2
9259,2,Phi-2
9264,4,Phi-2
9268,1,Phi-2
9269,2,Phi-2
9277,4,Phi-2
9280,3,Phi-2
9282,1,Phi-2
9290,1,Phi-2
9299,2,Phi-2
9300,2,Phi-2
9305,4,Phi-2
9308,2,Phi-2
9314,3,Phi-2
9317,1,Phi-2
9319,4,Phi-2
9323,2,Phi-2
9324,4,Phi-2
9327,3,Phi-2
9339,3,Phi-2
9344,2,Phi-2
9355,4,Phi-2
9359,2,Phi-2
9371,2,Phi-2
9374,4,Phi-2
9377,1,Phi-2
9379,3,Phi-2
9385,1,Phi-2
9388,4,Phi-2
9389,3,Phi-2
9390,2,Phi-2
9394,4,Phi-2
9396,5,Phi-2
9400,5,Phi-2
9417,5,Phi-2
9434,5,Phi-2
9435,4,Phi-2
9442,4,Phi-2
9443,5,Phi-2
9444,5,Phi-2
9447,2,Phi-2
9454,3,Phi-2
9456,2,Phi-2
9457,3,Phi-2
9459,4,Phi-2
9462,4,Phi-2
9464,1,Phi-2
9467,1,Phi-2
9468,2,Phi-2
9487,1,Phi-2
9504,4,Phi-2
9505,3,Phi-2
9507,1,Phi-2
9511,5,Phi-2
9516,3,Phi-2
9524,1,Phi-2
9526,5,Phi-2
9533,4,Phi-2
9545,2,Phi-2
9547,2,Phi-2
9549,2,Phi-2
9557,2,Phi-2
9570,3,Phi-2
9571,2,Phi-2
9585,4,Phi-2
9586,4,Phi-2
9587,3,Phi-2
9595,3,Phi-2
9597,2,Phi-2
9602,1,Phi-2
9607,4,Phi-2
9610,2,Phi-2
9612,4,Phi-2
9613,1,Phi-2
9623,4,Phi-2
9626,4,Phi-2
9630,4,Phi-2
9631,1,Phi-2
9633,3,Phi-2
9637,1,Phi-2
9641,3,Phi-2
9650,2,Phi-2
9653,5,Phi-2
9656,5,Phi-2
9657,1,Phi-2
9659,1,Phi-2
9673,2,Phi-2
9674,2,Phi-2
9676,4,Phi-2
9678,4,Phi-2
9682,2,Phi-2
9685,4,Phi-2
9703,2,Phi-2
9705,3,Phi-2
9707,2,Phi-2
9709,4,Phi-2
9710,2,Phi-2
9713,1,Phi-2
9717,3,Phi-2
9719,1,Phi-2
9728,4,Phi-2
9738,3,Phi-2
9741,5,Phi-2
9743,3,Phi-2
9745,2,Phi-2
9751,1,Phi-2
9754,3,Phi-2
9765,4,Phi-2
9767,4,Phi-2
9769,2,Phi-2
9776,3,Phi-2
9777,3,Phi-2
9780,2,Phi-2
9781,1,Phi-2
9786,3,Phi-2
9791,2,Phi-2
9796,5,Phi-2
9797,4,Phi-2
9798,3,Phi-2
9804,5,Phi-2
9813,1,Phi-2
9822,4,Phi-2
9823,1,Phi-2
9827,2,Phi-2
9832,3,Phi-2
9834,4,Phi-2
9835,4,Phi-2
9836,4,Phi-2
9838,2,Phi-2
9841,1,Phi-2
9845,4,Phi-2
9849,2,Phi-2
9853,1,Phi-2
9857,1,Phi-2
9858,4,Phi-2
9865,4,Phi-2
9868,3,Phi-2
9872,2,Phi-2
9874,2,Phi-2
9880,3,Phi-2
9881,1,Phi-2
9886,5,Phi-2
9889,3,Phi-2
9891,2,Phi-2
9894,4,Phi-2
9898,3,Phi-2
9901,2,Phi-2
9925,1,Phi-2
9926,3,Phi-2
9927,1,Phi-2
9930,2,Phi-2
9944,2,Phi-2
9945,4,Phi-2
9949,4,Phi-2
9957,4,Phi-2
9962,5,Phi-2
9974,3,Phi-2
9984,2,Phi-2
9986,1,Phi-2
9992,1,Phi-2
9999,2,Phi-2
10000,5,Phi-2
10001,1,Phi-2
10002,1,Phi-2
10003,4,Phi-2
10004,1,Phi-2
10005,2,Phi-2
10006,5,Phi-2
10007,2,Phi-2
10008,1,Phi-2
10009,4,Phi-2
10010,3,Phi-2
10011,3,Phi-2
10012,2,Phi-2
10013,2,Phi-2
10014,1,Phi-2
10015,3,Phi-2
10016,5,Phi-2
10017,5,Phi-2
10018,2,Phi-2
10019,2,Phi-2
10020,2,Phi-2
10021,1,Phi-2
10022,4,Phi-2
10023,2,Phi-2
10024,1,Phi-2
10025,2,Phi-2
10026,1,Phi-2
10027,5,Phi-2
10028,3,Phi-2
10029,4,Phi-2
10030,2,Phi-2
10031,3,Phi-2
10032,2,Phi-2
10033,4,Phi-2
10034,5,Phi-2
10035,4,Phi-2
10036,4,Phi-2
10037,3,Phi-2
10038,5,Phi-2
10039,2,Phi-2
10040,5,Phi-2
10041,1,Phi-2
10042,3,Phi-2
10043,4,Phi-2
10044,3,Phi-2
10045,3,Phi-2
10046,4,Phi-2
10047,5,Phi-2
10048,5,Phi-2
10049,2,Phi-2
10050,2,Phi-2
10051,2,Phi-2
10052,4,Phi-2
10053,1,Phi-2
10054,4,Phi-2
10055,3,Phi-2
10056,4,Phi-2
10057,3,Phi-2
10058,4,Phi-2
10059,1,Phi-2
10060,2,Phi-2
10061,3,Phi-2
10062,3,Phi-2
10063,5,Phi-2
10064,2,Phi-2
10065,1,Phi-2
10066,3,Phi-2
10067,5,Phi-2
10068,3,Phi-2
10069,1,Phi-2
10070,3,Phi-2
10071,2,Phi-2
10072,4,Phi-2
10073,2,Phi-2
10074,2,Phi-2
10075,4,Phi-2
10076,4,Phi-2
10077,2,Phi-2
10078,5,Phi-2
10079,2,Phi-2
10080,4,Phi-2
10081,3,Phi-2
10082,5,Phi-2
10083,1,Phi-2
10084,5,Phi-2
10085,3,Phi-2
10086,2,Phi-2
10087,3,Phi-2
10088,1,Phi-2
10089,5,Phi-2
10090,3,Phi-2
10091,5,Phi-2
10092,2,Phi-2
10093,4,Phi-2
10094,2,Phi-2
10095,1,Phi-2
10096,5,Phi-2
10097,1,Phi-2
10098,3,Phi-2
10099,1,Phi-2
10100,2,Phi-2
10101,3,Phi-2
10102,1,Phi-2
10103,5,Phi-2
10104,4,Phi-2
10105,1,Phi-2
10106,4,Phi-2
10107,1,Phi-2
10108,4,Phi-2
10109,2,Phi-2
10110,1,Phi-2
10111,5,Phi-2
10112,1,Phi-2
10113,1,Phi-2
10114,5,Phi-2
10115,4,Phi-2
10116,4,Phi-2
10117,3,Phi-2
10118,1,Phi-2
10119,2,Phi-2
10120,1,Phi-2
10121,5,Phi-2
10122,2,Phi-2
10123,3,Phi-2
10124,1,Phi-2
10125,2,Phi-2
10126,2,Phi-2
10127,4,Phi-2
10128,1,Phi-2
10129,5,Phi-2
10130,2,Phi-2
10131,1,Phi-2
10132,5,Phi-2
10133,3,Phi-2
10134,2,Phi-2
10135,2,Phi-2
10136,4,Phi-2
10137,2,Phi-2
10138,2,Phi-2
10139,3,Phi-2
10140,2,Phi-2
10141,1,Phi-2
10142,2,Phi-2
10143,4,Phi-2
10144,5,Phi-2
10145,4,Phi-2
10146,4,Phi-2
10147,2,Phi-2
10148,3,Phi-2
10149,1,Phi-2
10150,3,Phi-2
10151,2,Phi-2
10152,4,Phi-2
10153,4,Phi-2
10154,3,Phi-2
10155,4,Phi-2
10156,1,Phi-2
10157,4,Phi-2
10158,4,Phi-2
10159,1,Phi-2
10160,3,Phi-2
10161,1,Phi-2
10162,1,Phi-2
10163,3,Phi-2
10164,2,Phi-2
10165,3,Phi-2
10166,1,Phi-2
10167,5,Phi-2
10168,3,Phi-2
10169,1,Phi-2
10170,1,Phi-2
10171,4,Phi-2
10172,4,Phi-2
10173,4,Phi-2
10174,2,Phi-2
10175,2,Phi-2
10176,1,Phi-2
10177,3,Phi-2
10178,5,Phi-2
10179,1,Phi-2
10180,2,Phi-2
10181,1,Phi-2
10182,4,Phi-2
10183,4,Phi-2
10184,5,Phi-2
10185,5,Phi-2
10186,4,Phi-2
10187,5,Phi-2
10188,1,Phi-2
10189,2,Phi-2
10190,4,Phi-2
10191,4,Phi-2
10192,4,Phi-2
10193,4,Phi-2
10194,5,Phi-2
10195,2,Phi-2
10196,3,Phi-2
10197,1,Phi-2
10198,1,Phi-2
10199,1,Phi-2
10200,3,Phi-2
10201,4,Phi-2
10202,4,Phi-2
10203,2,Phi-2
10204,1,Phi-2
10205,1,Phi-2
10206,4,Phi-2
10207,5,Phi-2
10208,1,Phi-2
10209,2,Phi-2
10210,4,Phi-2
10211,2,Phi-2
10212,1,Phi-2
10213,5,Phi-2
10214,1,Phi-2
10215,3,Phi-2
10216,4,Phi-2
10217,3,Phi-2
10218,5,Phi-2
10219,4,Phi-2
10220,4,Phi-2
10221,4,Phi-2
10222,4,Phi-2
10223,3,Phi-2
10224,3,Phi-2
10225,4,Phi-2
10226,1,Phi-2
10227,4,Phi-2
10228,4,Phi-2
10229,1,Phi-2
10230,4,Phi-2
10231,2,Phi-2
10232,4,Phi-2
10233,4,Phi-2
10234,3,Phi-2
10235,5,Phi-2
10236,3,Phi-2
10237,1,Phi-2
10238,1,Phi-2
10239,4,Phi-2
10240,5,Phi-2
10241,4,Phi-2
10242,5,Phi-2
10243,1,Phi-2
10244,5,Phi-2
10245,2,Phi-2
10246,5,Phi-2
10247,2,Phi-2
10248,1,Phi-2
10249,4,Phi-2
10250,1,Phi-2
10251,2,Phi-2
10252,2,Phi-2
10253,5,Phi-2
10254,2,Phi-2
10255,1,Phi-2
10256,3,Phi-2
10257,3,Phi-2
10258,1,Phi-2
10259,1,Phi-2
10260,1,Phi-2
10261,4,Phi-2
10262,1,Phi-2
10263,4,Phi-2
10264,3,Phi-2
10265,2,Phi-2
10266,4,Phi-2
10267,1,Phi-2
10268,4,Phi-2
10269,2,Phi-2
10270,5,Phi-2
10271,5,Phi-2
10272,3,Phi-2
10273,3,Phi-2
10274,1,Phi-2
10275,1,Phi-2
10276,1,Phi-2
10277,3,Phi-2
10278,4,Phi-2
10279,5,Phi-2
10280,4,Phi-2
10281,4,Phi-2
10282,1,Phi-2
10283,1,Phi-2
10284,3,Phi-2
10285,2,Phi-2
10286,1,Phi-2
10287,2,Phi-2
10288,3,Phi-2
10289,2,Phi-2
10290,5,Phi-2
10291,1,Phi-2
10292,3,Phi-2
10293,2,Phi-2
10294,2,Phi-2
10295,2,Phi-2
10296,2,Phi-2
10297,1,Phi-2
10298,2,Phi-2
10299,3,Phi-2
10300,1,Phi-2
10301,1,Phi-2
10302,1,Phi-2
10303,1,Phi-2
10304,4,Phi-2
10305,1,Phi-2
10306,4,Phi-2
10307,1,Phi-2
10308,1,Phi-2
10309,1,Phi-2
10310,4,Phi-2
10311,1,Phi-2
10312,5,Phi-2
10313,1,Phi-2
10314,1,Phi-2
10315,1,Phi-2
10316,4,Phi-2
10317,3,Phi-2
10318,5,Phi-2
10319,5,Phi-2
10320,5,Phi-2
10321,1,Phi-2
10322,3,Phi-2
10323,4,Phi-2
10324,5,Phi-2
10325,3,Phi-2
10326,1,Phi-2
10327,3,Phi-2
10328,2,Phi-2
10329,2,Phi-2
10330,3,Phi-2
10331,3,Phi-2
10332,4,Phi-2
10333,3,Phi-2
10334,5,Phi-2
10335,1,Phi-2
10336,5,Phi-2
10337,5,Phi-2
10338,1,Phi-2
10339,5,Phi-2
10340,3,Phi-2
10341,4,Phi-2
10342,4,Phi-2
10343,4,Phi-2
10344,3,Phi-2
10345,4,Phi-2
10346,2,Phi-2
10347,5,Phi-2
10348,2,Phi-2
10349,5,Phi-2
10350,5,Phi-2
10351,2,Phi-2
10352,3,Phi-2
10353,3,Phi-2
10354,4,Phi-2
10355,5,Phi-2
10356,3,Phi-2
10357,3,Phi-2
10358,3,Phi-2
10359,5,Phi-2
10360,3,Phi-2
10361,2,Phi-2
10362,2,Phi-2
10363,2,Phi-2
10364,4,Phi-2
10365,2,Phi-2
10366,5,Phi-2
10367,4,Phi-2
10368,1,Phi-2
10369,2,Phi-2
10370,4,Phi-2
10371,4,Phi-2
10372,4,Phi-2
10373,5,Phi-2
10374,3,Phi-2
10375,5,Phi-2
10376,3,Phi-2
10377,1,Phi-2
10378,4,Phi-2
10379,3,Phi-2
10380,2,Phi-2
10381,3,Phi-2
10382,4,Phi-2
10383,1,Phi-2
10384,2,Phi-2
10385,1,Phi-2
10386,4,Phi-2
10387,5,Phi-2
10388,3,Phi-2
10389,4,Phi-2
10390,4,Phi-2
10391,1,Phi-2
10392,4,Phi-2
10393,2,Phi-2
10394,3,Phi-2
10395,5,Phi-2
10396,2,Phi-2
10397,3,Phi-2
10398,2,Phi-2
10399,2,Phi-2
10400,4,Phi-2
10401,4,Phi-2
10402,3,Phi-2
10403,5,Phi-2
10404,2,Phi-2
10405,1,Phi-2
10406,4,Phi-2
10407,5,Phi-2
10408,1,Phi-2
10409,4,Phi-2
10410,4,Phi-2
10411,4,Phi-2
10412,2,Phi-2
10413,2,Phi-2
10414,4,Phi-2
10415,2,Phi-2
10416,1,Phi-2
10417,2,Phi-2
10418,1,Phi-2
10419,4,Phi-2
10420,5,Phi-2
10421,2,Phi-2
10422,5,Phi-2
10423,3,Phi-2
10424,3,Phi-2
10425,3,Phi-2
10426,4,Phi-2
10427,4,Phi-2
10428,2,Phi-2
10429,4,Phi-2
10430,3,Phi-2
10431,5,Phi-2
10432,4,Phi-2
10433,1,Phi-2
10434,3,Phi-2
10435,3,Phi-2
10436,2,Phi-2
10437,4,Phi-2
10438,4,Phi-2
10439,3,Phi-2
10440,5,Phi-2
10441,3,Phi-2
10442,1,Phi-2
10443,3,Phi-2
10444,2,Phi-2
10445,1,Phi-2
10446,2,Phi-2
10447,1,Phi-2
10448,4,Phi-2
10449,2,Phi-2
10450,1,Phi-2
10451,1,Phi-2
10452,4,Phi-2
10453,2,Phi-2
10454,5,Phi-2
10455,1,Phi-2
10456,2,Phi-2
10457,2,Phi-2
10458,1,Phi-2
10459,2,Phi-2
10460,4,Phi-2
10461,4,Phi-2
10462,2,Phi-2
10463,5,Phi-2
10464,1,Phi-2
10465,3,Phi-2
10466,2,Phi-2
10467,2,Phi-2
10468,3,Phi-2
10469,5,Phi-2
10470,5,Phi-2
10471,2,Phi-2
10472,4,Phi-2
10473,3,Phi-2
10474,1,Phi-2
10475,5,Phi-2
10476,5,Phi-2
10477,4,Phi-2
10478,4,Phi-2
10479,2,Phi-2
10480,1,Phi-2
10481,4,Phi-2
10482,5,Phi-2
10483,2,Phi-2
10484,3,Phi-2
10485,1,Phi-2
10486,5,Phi-2
10487,5,Phi-2
10488,2,Phi-2
10489,4,Phi-2
10490,3,Phi-2
10491,1,Phi-2
10492,5,Phi-2
10493,5,Phi-2
10494,2,Phi-2
10495,5,Phi-2
10496,3,Phi-2
10497,5,Phi-2
10498,1,Phi-2
10499,3,Phi-2
10500,5,Phi-2
10501,5,Phi-2
10502,1,Phi-2
10503,3,Phi-2
10504,2,Phi-2
10505,3,Phi-2
10506,2,Phi-2
10507,3,Phi-2
10508,2,Phi-2
10509,1,Phi-2
10510,5,Phi-2
10511,5,Phi-2
10512,3,Phi-2
10513,4,Phi-2
10514,3,Phi-2
10515,4,Phi-2
10516,3,Phi-2
10517,3,Phi-2
10518,4,Phi-2
10519,2,Phi-2
10520,2,Phi-2
10521,4,Phi-2
10522,3,Phi-2
10523,4,Phi-2
10524,4,Phi-2
10525,4,Phi-2
10526,4,Phi-2
10527,1,Phi-2
10528,5,Phi-2
10529,2,Phi-2
10530,4,Phi-2
10531,5,Phi-2
10532,5,Phi-2
10533,3,Phi-2
10534,4,Phi-2
10535,3,Phi-2
10536,4,Phi-2
10537,4,Phi-2
10538,4,Phi-2
10539,4,Phi-2
10540,3,Phi-2
10541,2,Phi-2
10542,2,Phi-2
10543,3,Phi-2
10544,5,Phi-2
10545,2,Phi-2
10546,1,Phi-2
10547,4,Phi-2
10548,5,Phi-2
10549,4,Phi-2
10550,3,Phi-2
10551,5,Phi-2
10552,4,Phi-2
10553,5,Phi-2
10554,2,Phi-2
10555,5,Phi-2
10556,5,Phi-2
10557,4,Phi-2
10558,3,Phi-2
10559,1,Phi-2
10560,4,Phi-2
10561,3,Phi-2
10562,5,Phi-2
10563,2,Phi-2
10564,5,Phi-2
10565,2,Phi-2
10566,4,Phi-2
10567,5,Phi-2
10568,1,Phi-2
10569,2,Phi-2
10570,2,Phi-2
10571,2,Phi-2
10572,4,Phi-2
10573,2,Phi-2
10574,4,Phi-2
10575,5,Phi-2
10576,2,Phi-2
10577,2,Phi-2
10578,3,Phi-2
10579,4,Phi-2
10580,1,Phi-2
10581,4,Phi-2
10582,2,Phi-2
10583,1,Phi-2
10584,3,Phi-2
10585,1,Phi-2
10586,2,Phi-2
10587,5,Phi-2
10588,3,Phi-2
10589,2,Phi-2
10590,4,Phi-2
10591,2,Phi-2
10592,1,Phi-2
10593,2,Phi-2
10594,5,Phi-2
10595,3,Phi-2
10596,5,Phi-2
10597,2,Phi-2
10598,2,Phi-2
10599,3,Phi-2
10600,1,Phi-2
10601,5,Phi-2
10602,3,Phi-2
10603,3,Phi-2
10604,3,Phi-2
10605,4,Phi-2
10606,5,Phi-2
10607,4,Phi-2
10608,4,Phi-2
10609,5,Phi-2
10610,5,Phi-2
10611,5,Phi-2
10612,1,Phi-2
10613,5,Phi-2
10614,1,Phi-2
10615,4,Phi-2
10616,1,Phi-2
10617,4,Phi-2
10618,4,Phi-2
10619,5,Phi-2
10620,5,Phi-2
10621,5,Phi-2
10622,3,Phi-2
10623,5,Phi-2
10624,2,Phi-2
10625,5,Phi-2
10626,3,Phi-2
10627,2,Phi-2
10628,2,Phi-2
10629,3,Phi-2
10630,3,Phi-2
10631,1,Phi-2
10632,5,Phi-2
10633,5,Phi-2
10634,3,Phi-2
10635,1,Phi-2
10636,1,Phi-2
10637,2,Phi-2
10638,2,Phi-2
10639,3,Phi-2
10640,2,Phi-2
10641,2,Phi-2
10642,1,Phi-2
10643,4,Phi-2
10644,4,Phi-2
10645,2,Phi-2
10646,5,Phi-2
10647,1,Phi-2
10648,3,Phi-2
10649,2,Phi-2
10650,1,Phi-2
10651,3,Phi-2
10652,3,Phi-2
10653,2,Phi-2
10654,2,Phi-2
10655,1,Phi-2
10656,5,Phi-2
10657,1,Phi-2
10658,2,Phi-2
10659,4,Phi-2
10660,4,Phi-2
10661,5,Phi-2
10662,4,Phi-2
10663,5,Phi-2
10664,4,Phi-2
10665,4,Phi-2
10666,3,Phi-2
10667,5,Phi-2
10668,3,Phi-2
10669,5,Phi-2
10670,5,Phi-2
10671,5,Phi-2
10672,1,Phi-2
10673,5,Phi-2
10674,3,Phi-2
10675,3,Phi-2
10676,3,Phi-2
10677,2,Phi-2
10678,3,Phi-2
10679,4,Phi-2
10680,4,Phi-2
10681,4,Phi-2
10682,2,Phi-2
10683,2,Phi-2
10684,1,Phi-2
10685,2,Phi-2
10686,1,Phi-2
10687,1,Phi-2
10688,4,Phi-2
10689,1,Phi-2
10690,4,Phi-2
10691,4,Phi-2
10692,1,Phi-2
10693,3,Phi-2
10694,5,Phi-2
10695,4,Phi-2
10696,4,Phi-2
10697,5,Phi-2
10698,4,Phi-2
10699,4,Phi-2
10700,5,Phi-2
10701,2,Phi-2
10702,4,Phi-2
10703,3,Phi-2
10704,4,Phi-2
10705,4,Phi-2
10706,4,Phi-2
10707,4,Phi-2
10708,5,Phi-2
10709,5,Phi-2
10710,5,Phi-2
10711,5,Phi-2
10712,4,Phi-2
10713,4,Phi-2
10714,4,Phi-2
10715,3,Phi-2
10716,2,Phi-2
10717,1,Phi-2
10718,3,Phi-2
10719,2,Phi-2
10720,5,Phi-2
10721,2,Phi-2
10722,5,Phi-2
10723,2,Phi-2
10724,1,Phi-2
10725,4,Phi-2
10726,2,Phi-2
10727,4,Phi-2
10728,3,Phi-2
10729,2,Phi-2
10730,3,Phi-2
10731,4,Phi-2
10732,2,Phi-2
10733,4,Phi-2
10734,2,Phi-2
10735,1,Phi-2
10736,3,Phi-2
10737,4,Phi-2
10738,3,Phi-2
10739,3,Phi-2
10740,5,Phi-2
10741,2,Phi-2
10742,3,Phi-2
10743,4,Phi-2
10744,5,Phi-2
10745,4,Phi-2
10746,1,Phi-2
10747,4,Phi-2
10748,1,Phi-2
10749,2,Phi-2
10750,2,Phi-2
10751,2,Phi-2
10752,4,Phi-2
10753,3,Phi-2
10754,4,Phi-2
10755,5,Phi-2
10756,5,Phi-2
10757,1,Phi-2
10758,1,Phi-2
10759,1,Phi-2
10760,5,Phi-2
10761,1,Phi-2
10762,5,Phi-2
10763,1,Phi-2
10764,1,Phi-2
10765,1,Phi-2
10766,4,Phi-2
10767,2,Phi-2
10768,1,Phi-2
10769,2,Phi-2
10770,4,Phi-2
10771,4,Phi-2
10772,3,Phi-2
10773,3,Phi-2
10774,3,Phi-2
10775,3,Phi-2
10776,3,Phi-2
10777,1,Phi-2
10778,2,Phi-2
10779,1,Phi-2
10780,4,Phi-2
10781,4,Phi-2
10782,4,Phi-2
10783,5,Phi-2
10784,5,Phi-2
10785,1,Phi-2
10786,5,Phi-2
10787,5,Phi-2
10788,2,Phi-2
10789,4,Phi-2
10790,1,Phi-2
10791,2,Phi-2
10792,3,Phi-2
10793,2,Phi-2
10794,4,Phi-2
10795,5,Phi-2
10796,2,Phi-2
10797,5,Phi-2
10798,4,Phi-2
10799,2,Phi-2
10800,4,Phi-2
10801,2,Phi-2
10802,1,Phi-2
10803,1,Phi-2
10804,2,Phi-2
10805,1,Phi-2
10806,4,Phi-2
10807,4,Phi-2
10808,4,Phi-2
10809,5,Phi-2
10810,4,Phi-2
10811,4,Phi-2
10812,5,Phi-2
10813,1,Phi-2
10814,5,Phi-2
10815,1,Phi-2
10816,1,Phi-2
10817,5,Phi-2
10818,5,Phi-2
10819,4,Phi-2
10820,2,Phi-2
10821,4,Phi-2
10822,3,Phi-2
10823,3,Phi-2
10824,2,Phi-2
10825,2,Phi-2
10826,2,Phi-2
10827,4,Phi-2
10828,2,Phi-2
10829,2,Phi-2
10830,5,Phi-2
10831,3,Phi-2
10832,5,Phi-2
10833,3,Phi-2
10834,2,Phi-2
10835,4,Phi-2
10836,3,Phi-2
10837,1,Phi-2
10838,1,Phi-2
10839,1,Phi-2
10840,2,Phi-2
10841,5,Phi-2
10842,5,Phi-2
10843,4,Phi-2
10844,4,Phi-2
10845,2,Phi-2
10846,2,Phi-2
10847,3,Phi-2
10848,1,Phi-2
10849,1,Phi-2
10850,1,Phi-2
10851,1,Phi-2
10852,5,Phi-2
10853,4,Phi-2
10854,2,Phi-2
10855,1,Phi-2
10856,5,Phi-2
10857,2,Phi-2
10858,1,Phi-2
10859,2,Phi-2
10860,5,Phi-2
10861,4,Phi-2
10862,3,Phi-2
10863,2,Phi-2
10864,3,Phi-2
10865,1,Phi-2
10866,5,Phi-2
10867,1,Phi-2
10868,1,Phi-2
10869,3,Phi-2
10870,4,Phi-2
10871,4,Phi-2
10872,4,Phi-2
10873,1,Phi-2
10874,2,Phi-2
10875,4,Phi-2
10876,4,Phi-2
10877,4,Phi-2
10878,4,Phi-2
10879,1,Phi-2
10880,4,Phi-2
10881,1,Phi-2
10882,3,Phi-2
10883,5,Phi-2
10884,4,Phi-2
10885,3,Phi-2
10886,2,Phi-2
10887,4,Phi-2
10888,1,Phi-2
10889,4,Phi-2
10890,1,Phi-2
10891,1,Phi-2
10892,4,Phi-2
10893,1,Phi-2
10894,1,Phi-2
10895,1,Phi-2
10896,3,Phi-2
10897,3,Phi-2
10898,3,Phi-2
10899,1,Phi-2
10900,2,Phi-2
10901,4,Phi-2
10902,1,Phi-2
10903,3,Phi-2
10904,3,Phi-2
10905,2,Phi-2
10906,5,Phi-2
10907,4,Phi-2
10908,5,Phi-2
10909,3,Phi-2
10910,1,Phi-2
10911,1,Phi-2
10912,4,Phi-2
10913,3,Phi-2
10914,5,Phi-2
10915,2,Phi-2
10916,1,Phi-2
10917,3,Phi-2
10918,2,Phi-2
10919,4,Phi-2
10920,1,Phi-2
10921,1,Phi-2
10922,1,Phi-2
10923,1,Phi-2
10924,1,Phi-2
10925,4,Phi-2
10926,2,Phi-2
10927,1,Phi-2
10928,3,Phi-2
10929,5,Phi-2
10930,5,Phi-2
10931,4,Phi-2
10932,3,Phi-2
10933,5,Phi-2
10934,2,Phi-2
10935,2,Phi-2
10936,4,Phi-2
10937,2,Phi-2
10938,4,Phi-2
10939,3,Phi-2
10940,3,Phi-2
10941,2,Phi-2
10942,3,Phi-2
10943,3,Phi-2
10944,3,Phi-2
10945,1,Phi-2
10946,2,Phi-2
10947,2,Phi-2
10948,2,Phi-2
10949,2,Phi-2
10950,3,Phi-2
10951,3,Phi-2
10952,4,Phi-2
10953,1,Phi-2
10954,4,Phi-2
10955,2,Phi-2
10956,3,Phi-2
10957,5,Phi-2
10958,1,Phi-2
10959,3,Phi-2
10960,2,Phi-2
10961,2,Phi-2
10962,1,Phi-2
10963,5,Phi-2
10964,5,Phi-2
10965,3,Phi-2
10966,2,Phi-2
10967,5,Phi-2
10968,2,Phi-2
10969,2,Phi-2
10970,4,Phi-2
10971,5,Phi-2
10972,3,Phi-2
10973,3,Phi-2
10974,2,Phi-2
10975,3,Phi-2
10976,4,Phi-2
10977,2,Phi-2
10978,1,Phi-2
10979,2,Phi-2
10980,4,Phi-2
10981,4,Phi-2
10982,3,Phi-2
10983,3,Phi-2
10984,4,Phi-2
10985,3,Phi-2
10986,2,Phi-2
10987,2,Phi-2
10988,4,Phi-2
10989,2,Phi-2
10990,2,Phi-2
10991,4,Phi-2
10992,4,Phi-2
10993,2,Phi-2
10994,2,Phi-2
10995,4,Phi-2
10996,4,Phi-2
10997,4,Phi-2
10998,1,Phi-2
10999,2,Phi-2
11000,4,Phi-2
11001,2,Phi-2
11002,1,Phi-2
11003,5,Phi-2
11004,1,Phi-2
11005,3,Phi-2
11006,4,Phi-2
11007,3,Phi-2
11008,4,Phi-2
11009,5,Phi-2
11010,3,Phi-2
11011,3,Phi-2
11012,1,Phi-2
11013,1,Phi-2
11014,1,Phi-2
11015,1,Phi-2
11016,2,Phi-2
11017,2,Phi-2
11018,2,Phi-2
11019,3,Phi-2
11020,4,Phi-2
11021,2,Phi-2
11022,3,Phi-2
11023,5,Phi-2
11024,4,Phi-2
11025,4,Phi-2
11026,1,Phi-2
11027,2,Phi-2
11028,3,Phi-2
11029,1,Phi-2
11030,2,Phi-2
11031,4,Phi-2
11032,4,Phi-2
11033,5,Phi-2
11034,3,Phi-2
11035,4,Phi-2
11036,1,Phi-2
11037,1,Phi-2
11038,3,Phi-2
11039,3,Phi-2
11040,5,Phi-2
11041,5,Phi-2
11042,1,Phi-2
11043,3,Phi-2
11044,1,Phi-2
11045,3,Phi-2
11046,5,Phi-2
11047,1,Phi-2
11048,3,Phi-2
11049,5,Phi-2
11050,2,Phi-2
11051,1,Phi-2
11052,3,Phi-2
11053,2,Phi-2
11054,4,Phi-2
11055,4,Phi-2
11056,4,Phi-2
11057,2,Phi-2
11058,3,Phi-2
11059,3,Phi-2
11060,3,Phi-2
11061,2,Phi-2
11062,4,Phi-2
11063,2,Phi-2
11064,4,Phi-2
11065,1,Phi-2
11066,3,Phi-2
11067,1,Phi-2
11068,1,Phi-2
11069,1,Phi-2
11070,2,Phi-2
11071,2,Phi-2
11072,3,Phi-2
11073,2,Phi-2
11074,1,Phi-2
11075,3,Phi-2
11076,2,Phi-2
11077,5,Phi-2
11078,5,Phi-2
11079,4,Phi-2
11080,1,Phi-2
11081,4,Phi-2
11082,1,Phi-2
11083,5,Phi-2
11084,1,Phi-2
11085,5,Phi-2
11086,3,Phi-2
11087,4,Phi-2
11088,2,Phi-2
11089,5,Phi-2
11090,5,Phi-2
11091,5,Phi-2
11092,2,Phi-2
11093,3,Phi-2
11094,4,Phi-2
11095,1,Phi-2
11096,4,Phi-2
11097,2,Phi-2
11098,5,Phi-2
11099,2,Phi-2
11100,2,Phi-2
11101,3,Phi-2
11102,3,Phi-2
11103,5,Phi-2
11104,2,Phi-2
11105,5,Phi-2
11106,1,Phi-2
11107,1,Phi-2
11108,5,Phi-2
11109,5,Phi-2
11110,2,Phi-2
11111,2,Phi-2
11112,1,Phi-2
11113,4,Phi-2
11114,1,Phi-2
11115,3,Phi-2
11116,1,Phi-2
11117,1,Phi-2
11118,3,Phi-2
11119,1,Phi-2
11120,1,Phi-2
11121,4,Phi-2
11122,4,Phi-2
11123,1,Phi-2
11124,5,Phi-2
11125,4,Phi-2
11126,4,Phi-2
11127,1,Phi-2
11128,3,Phi-2
11129,2,Phi-2
11130,2,Phi-2
11131,4,Phi-2
11132,4,Phi-2
11133,3,Phi-2
11134,5,Phi-2
11135,3,Phi-2
11136,5,Phi-2
11137,1,Phi-2
11138,5,Phi-2
11139,4,Phi-2
11140,3,Phi-2
11141,3,Phi-2
11142,3,Phi-2
11143,4,Phi-2
11144,1,Phi-2
11145,5,Phi-2
11146,2,Phi-2
11147,3,Phi-2
11148,3,Phi-2
11149,2,Phi-2
11150,5,Phi-2
11151,1,Phi-2
11152,4,Phi-2
11153,1,Phi-2
11154,4,Phi-2
11155,1,Phi-2
11156,2,Phi-2
11157,2,Phi-2
11158,1,Phi-2
11159,2,Phi-2
11160,2,Phi-2
11161,2,Phi-2
11162,5,Phi-2
11163,1,Phi-2
11164,5,Phi-2
11165,1,Phi-2
11166,1,Phi-2
11167,4,Phi-2
11168,3,Phi-2
11169,2,Phi-2
11170,1,Phi-2
11171,1,Phi-2
11172,1,Phi-2
11173,1,Phi-2
11174,3,Phi-2
11175,5,Phi-2
11176,2,Phi-2
11177,1,Phi-2
11178,5,Phi-2
11179,3,Phi-2
11180,4,Phi-2
11181,1,Phi-2
11182,3,Phi-2
11183,1,Phi-2
11184,4,Phi-2
11185,4,Phi-2
11186,4,Phi-2
11187,2,Phi-2
11188,1,Phi-2
11189,3,Phi-2
11190,4,Phi-2
11191,4,Phi-2
11192,2,Phi-2
11193,4,Phi-2
11194,3,Phi-2
11195,4,Phi-2
11196,2,Phi-2
11197,2,Phi-2
11198,5,Phi-2
11199,4,Phi-2
11200,3,Phi-2
11201,1,Phi-2
11202,3,Phi-2
11203,3,Phi-2
11204,2,Phi-2
11205,4,Phi-2
11206,2,Phi-2
11207,1,Phi-2
11208,5,Phi-2
11209,3,Phi-2
11210,5,Phi-2
11211,5,Phi-2
11212,2,Phi-2
11213,5,Phi-2
11214,1,Phi-2
11215,2,Phi-2
11216,4,Phi-2
11217,5,Phi-2
11218,1,Phi-2
11219,2,Phi-2
11220,3,Phi-2
11221,1,Phi-2
11222,3,Phi-2
11223,3,Phi-2
11224,3,Phi-2
11225,3,Phi-2
11226,2,Phi-2
11227,2,Phi-2
11228,3,Phi-2
11229,4,Phi-2
11230,1,Phi-2
11231,2,Phi-2
11232,5,Phi-2
11233,2,Phi-2
11234,4,Phi-2
11235,1,Phi-2
11236,4,Phi-2
11237,3,Phi-2
11238,1,Phi-2
11239,2,Phi-2
11240,3,Phi-2
11241,1,Phi-2
11242,1,Phi-2
11243,2,Phi-2
11244,2,Phi-2
11245,3,Phi-2
11246,4,Phi-2
11247,4,Phi-2
11248,2,Phi-2
11249,2,Phi-2
11250,2,Phi-2
11251,4,Phi-2
11252,2,Phi-2
11253,3,Phi-2
11254,3,Phi-2
11255,3,Phi-2
11256,4,Phi-2
11257,4,Phi-2
11258,3,Phi-2
11259,4,Phi-2
11260,2,Phi-2
11261,1,Phi-2
11262,3,Phi-2
11263,4,Phi-2
11264,1,Phi-2
11265,1,Phi-2
11266,1,Phi-2
11267,1,Phi-2
11268,2,Phi-2
11269,2,Phi-2
11270,3,Phi-2
11271,5,Phi-2
11272,3,Phi-2
11273,1,Phi-2
11274,1,Phi-2
11275,3,Phi-2
11276,4,Phi-2
11277,5,Phi-2
11278,5,Phi-2
11279,1,Phi-2
11280,2,Phi-2
11281,2,Phi-2
11282,2,Phi-2
11283,3,Phi-2
11284,1,Phi-2
11285,2,Phi-2
11286,2,Phi-2
11287,5,Phi-2
11288,4,Phi-2
11289,4,Phi-2
11290,2,Phi-2
11291,4,Phi-2
11292,2,Phi-2
11293,3,Phi-2
11294,2,Phi-2
11295,4,Phi-2
11296,5,Phi-2
11297,2,Phi-2
11298,3,Phi-2
11299,2,Phi-2
11300,4,Phi-2
11301,1,Phi-2
11302,5,Phi-2
11303,3,Phi-2
11304,2,Phi-2
11305,1,Phi-2
11306,5,Phi-2
11307,1,Phi-2
11308,1,Phi-2
11309,4,Phi-2
11310,5,Phi-2
11311,2,Phi-2
11312,2,Phi-2
11313,3,Phi-2
11314,1,Phi-2
11315,3,Phi-2
11316,4,Phi-2
11317,5,Phi-2
11318,5,Phi-2
11319,2,Phi-2
11320,5,Phi-2
11321,1,Phi-2
11322,3,Phi-2
11323,5,Phi-2
11324,1,Phi-2
11325,2,Phi-2
11326,4,Phi-2
11327,3,Phi-2
11328,1,Phi-2
11329,3,Phi-2
11330,1,Phi-2
11331,3,Phi-2
11332,3,Phi-2
11333,5,Phi-2
11334,1,Phi-2
11335,3,Phi-2
11336,1,Phi-2
11337,5,Phi-2
11338,1,Phi-2
11339,1,Phi-2
11340,1,Phi-2
11341,5,Phi-2
11342,4,Phi-2
11343,3,Phi-2
11344,5,Phi-2
11345,2,Phi-2
11346,3,Phi-2
11347,5,Phi-2
11348,5,Phi-2
11349,1,Phi-2
11350,2,Phi-2
11351,4,Phi-2
11352,3,Phi-2
11353,1,Phi-2
11354,1,Phi-2
11355,5,Phi-2
11356,2,Phi-2
11357,4,Phi-2
11358,2,Phi-2
11359,1,Phi-2
11360,2,Phi-2
11361,4,Phi-2
11362,4,Phi-2
11363,3,Phi-2
11364,4,Phi-2
11365,2,Phi-2
11366,2,Phi-2
11367,4,Phi-2
11368,1,Phi-2
11369,1,Phi-2
11370,3,Phi-2
11371,3,Phi-2
11372,1,Phi-2
11373,4,Phi-2
11374,2,Phi-2
11375,4,Phi-2
11376,3,Phi-2
11377,3,Phi-2
11378,1,Phi-2
11379,2,Phi-2
11380,2,Phi-2
11381,2,Phi-2
11382,3,Phi-2
11383,1,Phi-2
11384,3,Phi-2
11385,3,Phi-2
11386,2,Phi-2
11387,1,Phi-2
11388,4,Phi-2
11389,2,Phi-2
11390,4,Phi-2
11391,2,Phi-2
11392,5,Phi-2
11393,2,Phi-2
11394,4,Phi-2
11395,1,Phi-2
11396,5,Phi-2
11397,1,Phi-2
11398,2,Phi-2
11399,4,Phi-2
11400,3,Phi-2
11401,4,Phi-2
11402,3,Phi-2
11403,2,Phi-2
11404,3,Phi-2
11405,3,Phi-2
11406,3,Phi-2
11407,4,Phi-2
11408,3,Phi-2
11409,1,Phi-2
11410,5,Phi-2
11411,2,Phi-2
11412,1,Phi-2
11413,5,Phi-2
11414,4,Phi-2
11415,3,Phi-2
11416,3,Phi-2
11417,2,Phi-2
11418,3,Phi-2
11419,5,Phi-2
11420,2,Phi-2
11421,3,Phi-2
11422,4,Phi-2
11423,1,Phi-2
11424,5,Phi-2
11425,5,Phi-2
11426,4,Phi-2
11427,4,Phi-2
11428,3,Phi-2
11429,5,Phi-2
11430,3,Phi-2
11431,2,Phi-2
11432,1,Phi-2
11433,3,Phi-2
11434,5,Phi-2
11435,4,Phi-2
11436,4,Phi-2
11437,4,Phi-2
11438,3,Phi-2
11439,2,Phi-2
11440,2,Phi-2
11441,3,Phi-2
11442,4,Phi-2
11443,2,Phi-2
11444,5,Phi-2
11445,4,Phi-2
11446,3,Phi-2
11447,2,Phi-2
11448,3,Phi-2
11449,5,Phi-2
11450,5,Phi-2
11451,3,Phi-2
11452,4,Phi-2
11453,4,Phi-2
11454,2,Phi-2
11455,4,Phi-2
11456,2,Phi-2
11457,4,Phi-2
11458,3,Phi-2
11459,2,Phi-2
11460,1,Phi-2
11461,1,Phi-2
11462,3,Phi-2
11463,4,Phi-2
11464,4,Phi-2
11465,3,Phi-2
11466,1,Phi-2
11467,1,Phi-2
11468,4,Phi-2
11469,3,Phi-2
11470,3,Phi-2
11471,3,Phi-2
11472,5,Phi-2
11473,5,Phi-2
11474,3,Phi-2
11475,1,Phi-2
11476,2,Phi-2
11477,5,Phi-2
11478,5,Phi-2
11479,4,Phi-2
11480,5,Phi-2
11481,4,Phi-2
11482,3,Phi-2
11483,4,Phi-2
11484,4,Phi-2
11485,1,Phi-2
11486,1,Phi-2
11487,5,Phi-2
11488,3,Phi-2
11489,3,Phi-2
11490,4,Phi-2
11491,3,Phi-2
11492,5,Phi-2
11493,1,Phi-2
11494,5,Phi-2
11495,3,Phi-2
11496,5,Phi-2
11497,3,Phi-2
11498,3,Phi-2
11499,4,Phi-2
11500,2,Phi-2
11501,3,Phi-2
11502,1,Phi-2
11503,4,Phi-2
11504,3,Phi-2
11505,5,Phi-2
11506,4,Phi-2
11507,5,Phi-2
11508,5,Phi-2
11509,4,Phi-2
11510,3,Phi-2
11511,2,Phi-2
11512,4,Phi-2
11513,3,Phi-2
11514,2,Phi-2
11515,2,Phi-2
11516,2,Phi-2
11517,2,Phi-2
11518,4,Phi-2
11519,3,Phi-2
11520,5,Phi-2
11521,3,Phi-2
11522,3,Phi-2
11523,1,Phi-2
11524,3,Phi-2
11525,2,Phi-2
11526,2,Phi-2
11527,4,Phi-2
11528,4,Phi-2
11529,4,Phi-2
11530,4,Phi-2
11531,5,Phi-2
11532,1,Phi-2
11533,4,Phi-2
11534,3,Phi-2
11535,5,Phi-2
11536,3,Phi-2
11537,3,Phi-2
11538,4,Phi-2
11539,4,Phi-2
11540,2,Phi-2
11541,3,Phi-2
11542,3,Phi-2
11543,4,Phi-2
11544,5,Phi-2
11545,3,Phi-2
11546,1,Phi-2
11547,2,Phi-2
11548,1,Phi-2
11549,1,Phi-2
11550,2,Phi-2
11551,5,Phi-2
11552,1,Phi-2
11553,1,Phi-2
11554,2,Phi-2
11555,3,Phi-2
11556,3,Phi-2
11557,5,Phi-2
11558,3,Phi-2
11559,1,Phi-2
11560,1,Phi-2
11561,2,Phi-2
11562,1,Phi-2
11563,2,Phi-2
11564,2,Phi-2
11565,4,Phi-2
11566,4,Phi-2
11567,1,Phi-2
11568,5,Phi-2
11569,4,Phi-2
11570,5,Phi-2
11571,4,Phi-2
11572,2,Phi-2
11573,2,Phi-2
11574,4,Phi-2
11575,2,Phi-2
11576,1,Phi-2
11577,2,Phi-2
11578,4,Phi-2
11579,3,Phi-2
11580,3,Phi-2
11581,5,Phi-2
11582,1,Phi-2
11583,5,Phi-2
11584,1,Phi-2
11585,5,Phi-2
11586,2,Phi-2
11587,2,Phi-2
11588,3,Phi-2
11589,3,Phi-2
11590,1,Phi-2
11591,4,Phi-2
11592,2,Phi-2
11593,5,Phi-2
11594,4,Phi-2
11595,4,Phi-2
11596,2,Phi-2
11597,2,Phi-2
11598,2,Phi-2
11599,3,Phi-2
11600,2,Phi-2
11601,1,Phi-2
11602,1,Phi-2
11603,1,Phi-2
11604,2,Phi-2
11605,2,Phi-2
11606,3,Phi-2
11607,1,Phi-2
11608,2,Phi-2
11609,1,Phi-2
11610,5,Phi-2
11611,2,Phi-2
11612,3,Phi-2
11613,1,Phi-2
11614,4,Phi-2
11615,5,Phi-2
11616,5,Phi-2
11617,5,Phi-2
11618,3,Phi-2
11619,4,Phi-2
11620,5,Phi-2
11621,2,Phi-2
11622,4,Phi-2
11623,2,Phi-2
11624,1,Phi-2
11625,4,Phi-2
11626,5,Phi-2
11627,4,Phi-2
11628,4,Phi-2
11629,3,Phi-2
11630,4,Phi-2
11631,2,Phi-2
11632,2,Phi-2
11633,5,Phi-2
11634,4,Phi-2
11635,4,Phi-2
11636,2,Phi-2
11637,4,Phi-2
11638,2,Phi-2
11639,4,Phi-2
11640,3,Phi-2
11641,3,Phi-2
11642,3,Phi-2
11643,4,Phi-2
11644,2,Phi-2
11645,3,Phi-2
11646,2,Phi-2
11647,4,Phi-2
11648,4,Phi-2
11649,4,Phi-2
11650,2,Phi-2
11651,4,Phi-2
11652,1,Phi-2
11653,3,Phi-2
11654,3,Phi-2
11655,2,Phi-2
11656,4,Phi-2
11657,5,Phi-2
11658,5,Phi-2
11659,2,Phi-2
11660,3,Phi-2
11661,3,Phi-2
11662,3,Phi-2
11663,3,Phi-2
11664,3,Phi-2
11665,1,Phi-2
11666,5,Phi-2
11667,4,Phi-2
11668,3,Phi-2
11669,2,Phi-2
11670,2,Phi-2
11671,2,Phi-2
11672,3,Phi-2
11673,2,Phi-2
11674,5,Phi-2
11675,2,Phi-2
11676,5,Phi-2
11677,4,Phi-2
11678,3,Phi-2
11679,4,Phi-2
11680,4,Phi-2
11681,5,Phi-2
11682,1,Phi-2
11683,1,Phi-2
11684,1,Phi-2
11685,4,Phi-2
11686,2,Phi-2
11687,5,Phi-2
11688,2,Phi-2
11689,4,Phi-2
11690,3,Phi-2
11691,2,Phi-2
11692,4,Phi-2
11693,5,Phi-2
11694,2,Phi-2
11695,3,Phi-2
11696,1,Phi-2
11697,5,Phi-2
11698,2,Phi-2
11699,1,Phi-2
11700,1,Phi-2
11701,4,Phi-2
11702,4,Phi-2
11703,3,Phi-2
11704,4,Phi-2
11705,3,Phi-2
11706,1,Phi-2
11707,3,Phi-2
11708,5,Phi-2
11709,4,Phi-2
11710,3,Phi-2
11711,3,Phi-2
11712,5,Phi-2
11713,3,Phi-2
11714,2,Phi-2
11715,2,Phi-2
11716,5,Phi-2
11717,2,Phi-2
11718,3,Phi-2
11719,4,Phi-2
11720,2,Phi-2
11721,1,Phi-2
11722,3,Phi-2
11723,5,Phi-2
11724,3,Phi-2
11725,3,Phi-2
11726,3,Phi-2
11727,4,Phi-2
11728,1,Phi-2
11729,4,Phi-2
11730,1,Phi-2
11731,2,Phi-2
11732,2,Phi-2
11733,2,Phi-2
11734,1,Phi-2
11735,4,Phi-2
11736,4,Phi-2
11737,1,Phi-2
11738,4,Phi-2
11739,3,Phi-2
11740,3,Phi-2
11741,3,Phi-2
11742,2,Phi-2
11743,2,Phi-2
11744,3,Phi-2
11745,4,Phi-2
11746,4,Phi-2
11747,3,Phi-2
11748,3,Phi-2
11749,4,Phi-2
11750,3,Phi-2
11751,4,Phi-2
11752,1,Phi-2
11753,3,Phi-2
11754,1,Phi-2
11755,2,Phi-2
11756,2,Phi-2
11757,2,Phi-2
11758,3,Phi-2
11759,3,Phi-2
11760,3,Phi-2
11761,3,Phi-2
11762,5,Phi-2
11763,3,Phi-2
11764,4,Phi-2
11765,5,Phi-2
11766,3,Phi-2
11767,2,Phi-2
11768,2,Phi-2
11769,1,Phi-2
11770,1,Phi-2
11771,5,Phi-2
11772,1,Phi-2
11773,3,Phi-2
11774,2,Phi-2
11775,3,Phi-2
11776,2,Phi-2
11777,4,Phi-2
11778,2,Phi-2
11779,2,Phi-2
11780,3,Phi-2
11781,3,Phi-2
11782,3,Phi-2
11783,4,Phi-2
11784,5,Phi-2
11785,3,Phi-2
11786,2,Phi-2
11787,3,Phi-2
11788,3,Phi-2
11789,4,Phi-2
11790,3,Phi-2
11791,1,Phi-2
11792,1,Phi-2
11793,4,Phi-2
11794,5,Phi-2
11795,5,Phi-2
11796,2,Phi-2
11797,5,Phi-2
11798,3,Phi-2
11799,4,Phi-2
11800,1,Phi-2
11801,2,Phi-2
11802,2,Phi-2
11803,1,Phi-2
11804,1,Phi-2
11805,3,Phi-2
11806,2,Phi-2
11807,4,Phi-2
11808,3,Phi-2
11809,2,Phi-2
11810,2,Phi-2
11811,3,Phi-2
11812,1,Phi-2
11813,1,Phi-2
11814,1,Phi-2
11815,2,Phi-2
11816,4,Phi-2
11817,3,Phi-2
11818,3,Phi-2
11819,3,Phi-2
11820,4,Phi-2
11821,4,Phi-2
11822,2,Phi-2
11823,1,Phi-2
11824,1,Phi-2
11825,4,Phi-2
11826,2,Phi-2
11827,3,Phi-2
11828,2,Phi-2
11829,4,Phi-2
11830,2,Phi-2
11831,1,Phi-2
11832,3,Phi-2
11833,4,Phi-2
11834,1,Phi-2
11835,2,Phi-2
11836,5,Phi-2
11837,1,Phi-2
11838,3,Phi-2
11839,1,Phi-2
11840,3,Phi-2
11841,3,Phi-2
11842,1,Phi-2
11843,2,Phi-2
11844,4,Phi-2
11845,3,Phi-2
11846,3,Phi-2
11847,3,Phi-2
11848,3,Phi-2
11849,5,Phi-2
11850,4,Phi-2
11851,2,Phi-2
11852,2,Phi-2
11853,1,Phi-2
11854,4,Phi-2
11855,3,Phi-2
11856,1,Phi-2
11857,1,Phi-2
11858,1,Phi-2
11859,4,Phi-2
11860,2,Phi-2
11861,2,Phi-2
11862,3,Phi-2
11863,3,Phi-2
11864,1,Phi-2
11865,1,Phi-2
11866,3,Phi-2
11867,5,Phi-2
11868,3,Phi-2
11869,1,Phi-2
11870,2,Phi-2
11871,5,Phi-2
11872,5,Phi-2
11873,3,Phi-2
11874,3,Phi-2
11875,5,Phi-2
11876,4,Phi-2
11877,3,Phi-2
11878,2,Phi-2
11879,5,Phi-2
11880,3,Phi-2
11881,2,Phi-2
11882,4,Phi-2
11883,1,Phi-2
11884,5,Phi-2
11885,4,Phi-2
11886,5,Phi-2
11887,4,Phi-2
11888,4,Phi-2
11889,2,Phi-2
11890,4,Phi-2
11891,4,Phi-2
11892,4,Phi-2
11893,5,Phi-2
11894,3,Phi-2
11895,2,Phi-2
11896,5,Phi-2
11897,3,Phi-2
11898,4,Phi-2
11899,4,Phi-2
11900,4,Phi-2
11901,2,Phi-2
11902,4,Phi-2
11903,5,Phi-2
11904,4,Phi-2
11905,1,Phi-2
11906,1,Phi-2
11907,2,Phi-2
11908,4,Phi-2
11909,4,Phi-2
11910,3,Phi-2
11911,1,Phi-2
11912,4,Phi-2
11913,3,Phi-2
11914,3,Phi-2
11915,3,Phi-2
11916,4,Phi-2
11917,3,Phi-2
11918,4,Phi-2
11919,3,Phi-2
11920,3,Phi-2
11921,3,Phi-2
11922,2,Phi-2
11923,2,Phi-2
11924,4,Phi-2
11925,4,Phi-2
11926,3,Phi-2
11927,3,Phi-2
11928,3,Phi-2
11929,3,Phi-2
11930,3,Phi-2
11931,4,Phi-2
11932,4,Phi-2
11933,3,Phi-2
11934,3,Phi-2
11935,2,Phi-2
11936,4,Phi-2
11937,3,Phi-2
11938,4,Phi-2
11939,3,Phi-2
11940,2,Phi-2
11941,1,Phi-2
11942,1,Phi-2
11943,4,Phi-2
11944,1,Phi-2
11945,4,Phi-2
11946,4,Phi-2
11947,2,Phi-2
11948,5,Phi-2
11949,3,Phi-2
11950,1,Phi-2
11951,4,Phi-2
11952,1,Phi-2
11953,5,Phi-2
11954,3,Phi-2
11955,2,Phi-2
11956,5,Phi-2
11957,2,Phi-2
11958,4,Phi-2
11959,4,Phi-2
11960,1,Phi-2
11961,4,Phi-2
11962,3,Phi-2
11963,1,Phi-2
11964,3,Phi-2
11965,2,Phi-2
11966,4,Phi-2
11967,4,Phi-2
11968,5,Phi-2
11969,3,Phi-2
11970,4,Phi-2
11971,3,Phi-2
11972,4,Phi-2
11973,5,Phi-2
11974,2,Phi-2
11975,2,Phi-2
11976,4,Phi-2
11977,4,Phi-2
11978,5,Phi-2
11979,4,Phi-2
11980,5,Phi-2
11981,4,Phi-2
11982,5,Phi-2
11983,4,Phi-2
11984,2,Phi-2
11985,4,Phi-2
11986,4,Phi-2
11987,2,Phi-2
11988,3,Phi-2
11989,1,Phi-2
11990,4,Phi-2
11991,5,Phi-2
11992,1,Phi-2
11993,3,Phi-2
11994,4,Phi-2
11995,4,Phi-2
11996,2,Phi-2
11997,5,Phi-2
11998,2,Phi-2
11999,5,Phi-2
